{"cameraMode":{"drawMode":0,"name":"Shaded","section":"Shading Mode"},"sceneLighting":false,"audioPlay":false,"sceneViewState":{"showFog":true,"showMaterialUpdate":false,"showSkybox":true,"showFlares":true,"showImageEffects":true,"showParticleSystems":true},"in2DMode":false,"pivot":{"x":-0.8650403022766113,"y":2.144644260406494,"z":2.0668044090270998},"rotation":{"x":0.07154860347509384,"y":0.9009283185005188,"z":-0.16283243894577027,"w":0.39584657549858096},"size":3.3952558040618898,"orthographic":false}