{"cameraMode":{"drawMode":0,"name":"Shaded","section":"Shading Mode"},"sceneLighting":true,"audioPlay":false,"sceneViewState":{"showFog":true,"showMaterialUpdate":false,"showSkybox":true,"showFlares":true,"showImageEffects":true,"showParticleSystems":true},"in2DMode":false,"pivot":{"x":11.083032608032227,"y":-15.532539367675782,"z":37.211761474609378},"rotation":{"x":0.23791635036468507,"y":-0.026225773617625238,"z":0.006426258943974972,"w":0.9709103107452393},"size":114.06593322753906,"orthographic":false}