{"cameraMode":{"drawMode":0,"name":"Shaded","section":"Shading Mode"},"sceneLighting":false,"audioPlay":false,"sceneViewState":{"showFog":true,"showMaterialUpdate":false,"showSkybox":true,"showFlares":true,"showImageEffects":true,"showParticleSystems":true},"in2DMode":false,"pivot":{"x":-1.9084711074829102,"y":0.5412357449531555,"z":-0.31433093547821047},"rotation":{"x":0.010591740719974041,"y":-0.9592260718345642,"z":0.036285966634750369,"w":0.2801009714603424},"size":6.066332817077637,"orthographic":false}